Station reference,0,,,1,,,2,,,3,,,4,,,5,,,6,,,7,,,8,,,9,,,10,,,11,,,12,,,13,,,14,,,15,,,16,,,17,,,18,,,19,,
,X,Y,Z,X,Y,Z,X,Y,Z,X,Y,Z,X,Y,Z,X,Y,Z,X,Y,Z,X,Y,Z,X,Y,Z,X,Y,Z,X,Y,Z,X,Y,Z,X,Y,Z,X,Y,Z,X,Y,Z,X,Y,Z,X,Y,Z,X,Y,Z,X,Y,Z,X,Y,Z
,1.30011611687892,0,-0.207949809539814,1.32332895423595,0.390032492874473,-0.151846238177478,1.38545510519047,0.780025833196812,-0.084575571601888,1.48392796120866,1.16985211800048,-0.01664657694282,1.61505684585559,1.55922377160925,0.052526999088396,1.77647136852901,1.94751152926718,0.123082094116654,1.95595667674224,2.33377423365663,0.155546131336369,2.14566744610734,2.71682707787633,0.147105542420242,2.33619846841645,3.09399966550024,0.141665762857006,2.51780000060038,3.46373074645488,0.138438705265119,2.68080920671473,3.82232264789519,0.137177886469681,2.81742745292466,4.16641393936755,0.137634791672973,2.92379920815003,4.4920524830205,0.139564358459371,2.99590773525425,4.79492129437541,0.143113066978161,3.03628654857611,5.07088425843719,0.148158126320928,3.04737885319649,5.31684494327187,0.152750518111032,3.0338559549355,5.52787800242214,0.158065205772231,3.00261391985766,5.7042889173183,0.167548364739065,2.95681273312698,5.83893158000929,0.185714083532755,2.90310287418741,5.93466258578102,0.210440263640777
,1.2957546972189,0,-0.207145182490696,1.31896760505262,0.390032492874473,-0.151038589588545,1.38109456369029,0.780025833196812,-0.083763654431011,1.47957017427623,1.16985211800048,-0.015833099249569,1.61070593970924,1.55922377160925,0.053337186069532,1.77213621377594,1.94751152926718,0.123883259249229,1.95164941262618,2.33377423365663,0.156334131391935,2.1414049055664,2.71682707787633,0.147873885731467,2.33200804510662,3.09399966550024,0.142404510176278,2.51371129443082,3.46373074645488,0.139140753504821,2.67686017600859,3.82232264789519,0.137837327803165,2.81366227890221,4.16641393936755,0.138246924219523,2.92026213659702,4.4920524830205,0.1401258403873,2.99264776184275,4.79492129437541,0.143620526261857,3.03334645861021,5.07088425843719,0.148609205069698,3.04480007193466,5.31684494327187,0.153142653523771,3.03167374534318,5.52787800242214,0.158394266846434,3.0008555286136,5.7042889173183,0.167805984127201,2.95550568860612,5.83893158000929,0.185877884163514,2.90226407454504,5.93466258578102,0.210495231123127
,1.28276277189164,0,-0.204600715578248,1.30597589356542,0.390032492874473,-0.148485805713316,1.36810525993062,0.780025833196812,-0.081199188071199,1.46658893424664,1.16985211800048,-0.013265570037376,1.59774486782372,1.55922377160925,0.055892765519216,1.75922156509358,1.94751152926718,0.126409188616679,1.93881723079926,2.33377423365663,0.158817184783259,2.12870523647262,2.71682707787633,0.150294111415567,2.3195223846138,3.09399966550024,0.144731526433384,2.50152782179097,3.46373074645488,0.141352640177704,2.66509207179453,3.82232264789519,0.13991563587932,2.80244134425938,4.16641393936755,0.140176767324475,2.9097204076105,4.4920524830205,0.141896486907089,2.98293145039528,4.79492129437541,0.145221093228436,3.0245832599063,5.07088425843719,0.150031992763898,3.03711360331147,5.31684494327187,0.154379316301128,3.02516917450568,5.52787800242214,0.159431809536353,2.99561397619551,5.7042889173183,0.168618832867542,2.95160877584264,5.83893158000929,0.186398562952003,2.89976198431499,5.93466258578102,0.210679225065208
,1.26143079939631,0,-0.200084643173117,1.28464428112259,0.390032492874473,-0.1439576437278,1.34677760490554,0.780025833196812,-0.07665421056899,1.44527419484189,1.16985211800048,-0.008719196413375,1.57646249059985,1.55922377160925,0.060414598740441,1.73801427218863,1.94751152926718,0.130875979211142,1.91774393550826,2.33377423365663,0.163205191485339,2.10784788990685,2.71682707787633,0.154569167576308,2.29901455723289,3.09399966550024,0.148841972869889,2.48151431284601,3.46373074645488,0.145260741163709,2.64575896727723,3.82232264789519,0.14358915043258,2.78400549562701,4.16641393936755,0.143589236129194,2.89239914969989,4.4920524830205,0.145028509429834,2.96696545502752,4.79492129437541,0.148052879723118,3.01018275654722,5.07088425843719,0.152549352063438,3.02448206504293,5.31684494327187,0.156566915260723,3.01447956764957,5.52787800242214,0.161266730889403,2.98699939848832,5.7042889173183,0.170057599030207,2.94520237139752,5.83893158000929,0.187328507026775,2.89564579798188,5.93466258578102,0.211027738306946
,1.23224884406007,0,-0.193423424225624,1.25546283110926,0.390032492874473,-0.137282124560976,1.31760157442375,0.780025833196812,-0.069959069347133,1.41611536906772,1.16985211800048,-0.002027336411783,1.54734686044196,1.55922377160925,0.067065857995772,1.70899972801096,1.94751152926718,0.137442854236919,1.88891068688833,2.33377423365663,0.169652310696212,2.07930772910296,2.71682707787633,0.160847780682783,2.27094986321623,3.09399966550024,0.154878875377744,2.45412318995154,3.46373074645488,0.151001818717822,2.61929633704413,3.82232264789519,0.148987512984379,2.75876864024916,4.16641393936755,0.14860580577069,2.86868615212453,4.4920524830205,0.149634203132908,2.94510641039355,4.79492129437541,0.152217880974433,2.99046605929147,5.07088425843719,0.156252034531921,3.00718678009596,5.31684494327187,0.1597839740765,2.9998427218031,5.52787800242214,0.163964557793299,2.97520292892305,5.7042889173183,0.172174592528609,2.93642717049786,5.83893158000929,0.188707860134886,2.89000359875332,5.93466258578102,0.211570811731379
,1.19586809949219,0,-0.184524612962287,1.21908273223112,0.390032492874473,-0.128368238135977,1.28122823915689,0.780025833196812,-0.061024879095274,1.3797629123215,1.16985211800048,0.006896378799033,1.51104693226764,1.55922377160925,0.075930311202496,1.67282381922482,1.94751152926718,0.146190931690239,1.85295832225824,2.33377423365663,0.178236356199459,2.04371788967364,2.71682707787633,0.169204545129087,2.23594949494687,3.09399966550024,0.162913977786052,2.41995929165262,3.46373074645488,0.158644730369841,2.58628715558978,3.82232264789519,0.156176351922559,2.72728556965408,4.16641393936755,0.155288309869508,2.83910175625175,4.4920524830205,0.155770987090487,2.9178332697551,4.79492129437541,0.157768397802629,2.96586469805149,5.07088425843719,0.161186601352708,2.98560598465983,5.31684494327187,0.16407067233808,2.98157849490472,5.52787800242214,0.167558711937961,2.96048191773659,5.7042889173183,0.174996791915878,2.92547335667272,5.83893158000929,0.190559320034452,2.88295565888029,5.93466258578102,0.212329407078479
,1.15306141652176,0,-0.173390651135785,1.17627682653298,0.390032492874473,-0.11721961067039,1.23843029971405,0.780025833196812,-0.049857002981932,1.33698890261942,1.16985211800048,0.018044804200082,1.46833325291117,1.55922377160925,0.086999357983124,1.63025382919174,1.94751152926718,0.157110574996532,1.81064859926138,2.33377423365663,0.188946550280292,2.00183152903927,2.71682707787633,0.179628109355873,2.19475305558842,3.09399966550024,0.172936380788455,2.37974342756103,3.46373074645488,0.168179565052132,2.54742681636414,3.82232264789519,0.165146983794892,2.69021861519809,4.16641393936755,0.163629290104111,2.80426761442193,4.4920524830205,0.163432482790356,2.88571857317024,4.79492129437541,0.16469893323436,2.9368947516371,5.07088425843719,0.167348213203112,2.96019216315315,5.31684494327187,0.169422607064166,2.96006964731871,5.52787800242214,0.172045304031807,2.9431445326642,5.7042889173183,0.1785216882233,2.91256926516788,5.83893158000929,0.192884946289411,2.87464734069007,5.93466258578102,0.213313012772743
,1.10468369599016,0,-0.160120513318452,1.1279000025945,0.390032492874473,-0.103936081068492,1.19006248706465,0.780025833196812,-0.03655652764351,1.28864747462501,1.16985211800048,0.03131591626661,1.42005847756262,1.55922377160925,0.100170765347512,1.58213912762346,1.94751152926718,0.170100215083137,1.76282517607262,2.33377423365663,0.201682448168007,1.95448325590984,2.71682707787633,0.19202018095539,2.14818069298842,3.09399966550024,0.184851584412548,2.33427548511056,3.46373074645488,0.179516704595171,2.50348754946694,3.82232264789519,0.175815491764507,2.64830376622647,4.16641393936755,0.173551102310796,2.76487489610602,4.4920524830205,0.172547664642846,2.84939917069332,4.79492129437541,0.172945407635238,2.90413046167972,5.07088425843719,0.174679929591369,2.93144891581179,5.31684494327187,0.175790196118711,2.93574227571788,5.52787800242214,0.177382645603856,2.92353400913318,5.7042889173183,0.182716868518053,2.89796972255438,5.83893158000929,0.195665662009555,2.86524168839598,5.93466258578102,0.21451891473535
,1.05163251360133,0,-0.144908472838788,1.07484982085748,0.390032492874473,-0.088712411651021,1.13702219508479,0.780025833196812,-0.021318893184274,1.23563548285053,1.16985211800048,0.046514261830165,1.3671181085101,1.55922377160925,0.115250174561223,1.5293720718515,1.94751152926718,0.184967889176067,1.71037478957197,2.33377423365663,0.216255507463328,1.90255074127626,2.71682707787633,0.206197093210223,2.09709539509467,3.09399966550024,0.198482993571328,2.28439767637589,3.46373074645488,0.192488235261849,2.45528295809828,3.82232264789519,0.18802402453733,2.60231688714972,4.16641393936755,0.18490709631382,2.72165257544347,4.4920524830205,0.182981922277766,2.80954701200258,4.79492129437541,0.182386107273689,2.86817790060652,5.07088425843719,0.183073550012831,2.89990787007144,5.31684494327187,0.183079417886382,2.90904628111024,5.52787800242214,0.183491878073848,2.90201292265745,5.7042889173183,0.18752048533657,2.88194438758635,5.83893158000929,0.198861395061621,2.85491199626044,5.93466258578102,0.215931865226884
,0.994816797575664,0,-0.128030542199477,1.01803519199145,0.390032492874473,-0.071824742910429,1.08021816481718,0.780025833196812,-0.004420371719396,1.17886119823258,1.16985211800048,0.06336440716227,1.3104192238136,1.55922377160925,0.131964413413371,1.47285682239902,1.94751152926718,0.201444341978408,1.65419623882301,2.33377423365663,0.232401901880754,1.84692398559399,2.71682707787633,0.221902252406257,2.04237273203366,3.09399966550024,0.21358388674809,2.23096496794839,3.46373074645488,0.206859346665867,2.40363941459243,3.82232264789519,0.20155153825078,2.55304640709481,4.16641393936755,0.197491620618076,2.67534174468005,4.4920524830205,0.194546263092675,2.76684544931289,4.79492129437541,0.192850016322639,2.82965358421688,5.07088425843719,0.192377022841577,2.86610991183087,5.31684494327187,0.191158241146108,2.88043947864365,5.52787800242214,0.190262357590639,2.87895037061653,5.7042889173183,0.192845502189635,2.86476818256688,5.83893158000929,0.202413980391932,2.84383560279586,5.93466258578102,0.217525545249812
,0.935127347227225,0,-0.109834004564622,0.958346896080273,0.390032492874473,-0.053620127867686,1.02054100917781,0.780025833196812,0.013792391930466,1.11921484663217,1.16985211800048,0.081521353802766,1.2508510511225,1.55922377160925,0.149971816640768,1.41348000632062,1.94751152926718,0.219193190545322,1.59517121600231,2.33377423365663,0.249792472451772,1.78847642779544,2.71682707787633,0.238815810558006,1.9848724247929,3.09399966550024,0.229846716674166,2.17481730958194,3.46373074645488,0.222337186450679,2.34936920933076,3.82232264789519,0.216122136238489,2.50126769430193,4.16641393936755,0.211047785485015,2.62667152115345,4.4920524830205,0.207004449581977,2.72196701707204,4.79492129437541,0.204123277087287,2.78916442165072,5.07088425843719,0.2024001894877,2.83058759315687,5.31684494327187,0.19986161159301,2.85037270568115,5.52787800242214,0.197555832498896,2.8547099634271,5.7042889173183,0.198582983303257,2.84671234071211,5.83893158000929,0.206249382893671,2.83218810330433,5.93466258578102,0.219263626220043
,0.873418590872577,0,-0.090716447810453,0.896639341291003,0.390032492874473,-0.034495635000211,0.958844975214947,0.780025833196812,0.032923172014849,1.05755036572536,1.16985211800048,0.100591147804773,1.18926671417412,1.55922377160925,0.168882565390943,1.35209247026529,1.94751152926718,0.237830895089819,1.53414610284056,2.33377423365663,0.268052206955185,1.72804684400042,2.71682707787633,0.256573553085967,1.9254204482394,3.09399966550024,0.246921272351361,2.11676206605996,3.46373074645488,0.238588176182541,2.29325348324168,3.82232264789519,0.23142141266767,2.44772669704031,4.16641393936755,0.225282709694619,2.5763436097581,4.4920524830205,0.220087042621296,2.67555915215775,4.79492129437541,0.215961915761406,2.7472948014922,5.07088425843719,0.212926102169215,2.79385378361819,5.31684494327187,0.209001266076083,2.8192802008009,5.52787800242214,0.205214654542088,2.82964204009494,5.7042889173183,0.20460858941511,2.8280385279575,5.83893158000929,0.210282286611146,2.82013943027398,5.93466258578102,0.22110241486728
,0.810491072978911,0,-0.071112216388576,0.833713051577676,0.390032492874473,-0.014884835755749,0.895930435180308,0.780025833196812,0.052539619290362,0.994667897234634,1.16985211800048,0.120144232613999,1.12646572969207,1.55922377160925,0.188271876812751,1.28949180585169,1.94751152926718,0.256939718363756,1.47191456503565,2.33377423365663,0.286772890674033,1.66642207180853,2.71682707787633,0.274779171958818,1.86479198793799,3.09399966550024,0.264426480546472,2.05755732582636,3.46373074645488,0.25524925947007,2.23602604829455,3.82232264789519,0.247107064112307,2.39312446684688,4.16641393936755,0.239877415169568,2.525017723048,4.4920524830205,0.233500511428252,2.62823072590234,4.79492129437541,0.228100095597024,2.70459442464527,5.07088425843719,0.223718363579279,2.7563909856261,5.31684494327187,0.218372098745455,2.7875705519572,5.52787800242214,0.213067106704408,2.804076355627,5.7042889173183,0.210786788356704,2.80899335352342,5.83893158000929,0.214419041002334,2.80785024419875,5.93466258578102,0.222992489595176
,0.747084652277649,0,-0.051470738271494,0.770307865444557,0.390032492874473,0.004763778649435,0.832537086797749,0.780025833196812,0.072194708014214,0.931306971900083,1.16985211800048,0.139736679171827,1.06318715764555,1.55922377160925,0.20770093202307,1.22641545567906,1.94751152926718,0.276088255654401,1.40921061675246,2.33377423365663,0.305533109699949,1.60433004618185,2.71682707787633,0.293023647233267,1.80370447559361,3.09399966550024,0.281969042954601,1.99790498300377,3.46373074645488,0.271945678377624,2.17836659039626,3.82232264789519,0.262825678351027,2.33811057787536,4.16641393936755,0.254502499069041,2.47330531860643,4.4920524830205,0.246941676287417,2.58054621215168,4.79492129437541,0.24026320905451,2.66157300370656,5.07088425843719,0.23453277128756,2.71864665995621,5.31684494327187,0.227762255296949,2.75562272048291,5.52787800242214,0.220935845470882,2.77831884011852,5.7042889173183,0.216977542518163,2.78980585430706,5.83893158000929,0.218562445495353,2.7954701483497,5.93466258578102,0.224881587817463
,0.683871219058648,0,-0.032243574353951,0.70709565366483,0.390032492874473,0.02399969911769,0.769336672470355,0.780025833196812,0.091439563745064,0.868139222147835,1.16985211800048,0.158922891643763,1.00010229957476,1.55922377160925,0.226729407503796,1.16353339883617,1.94751152926718,0.294843732882916,1.34670130437932,2.33377423365663,0.323910239313955,1.54243250196344,2.71682707787633,0.310896866587287,1.74281034780503,3.09399966550024,0.299154609399273,1.93844360229373,3.46373074645488,0.288301628574624,2.12089371240706,3.82232264789519,0.278222794719646,2.28327643696285,4.16641393936755,0.268827522279398,2.42176326855689,4.4920524830205,0.260106358515675,2.53301981864438,4.79492129437541,0.252175717700069,2.6186949469258,5.07088425843719,0.2451242904831,2.68102854864675,5.31684494327187,0.236959178337587,2.72378207166356,5.52787800242214,0.228642957694429,2.75264837915171,5.7042889173183,0.223040312218753,2.77068504110769,5.83893158000929,0.222614597638585,2.78313601694709,5.93466258578102,0.226716290361126
,0.62145546670429,0,-0.0138663039074,0.644681091284796,0.390032492874473,0.042388428125956,0.706933751361551,0.780025833196812,0.109841364301109,0.80576913616447,1.16985211800048,0.177273311993223,0.937815410815412,1.55922377160925,0.244932914691947,1.1014487988099,1.94751152926718,0.312789104527007,1.2849872734929,2.33377423365663,0.341497091655648,1.48132544497687,2.71682707787633,0.32800374792798,1.68269740344735,3.09399966550024,0.315603281363985,1.87974865816907,3.46373074645488,0.303955050897361,2.06416506193359,3.82232264789519,0.292956879550068,2.22915531605561,4.16641393936755,0.282534060694308,2.37089381791184,4.4920524830205,0.272701412095883,2.48611539503517,4.79492129437541,0.263572061115548,2.57637923864557,5.07088425843719,0.25525675697758,2.64390454755657,5.31684494327187,0.245758016941477,2.69236024867738,5.52787800242214,0.236016992146743,2.72731667903261,5.7042889173183,0.228839630472864,2.75181970315826,5.83893158000929,0.226480913809633,2.7709717169708,5.93466258578102,0.228444516797456
,0.560375415312508,0,0.003252218578188,0.583602181524967,0.390032492874473,0.059522172317859,0.645866223329727,0.780025833196812,0.126993955994295,0.744734571099012,1.16985211800048,0.194384919591953,0.876864188749656,1.55922377160925,0.261913342309321,1.0406984533128,1.94751152926718,0.329533193226035,1.22460317020747,2.33377423365663,0.357911788194668,1.42153949578477,2.71682707787633,0.34397380041087,1.62388907882915,3.09399966550024,0.330958805888623,1.82233273832901,3.46373074645488,0.318566403075173,2.00867746654338,3.82232264789519,0.306707613975528,2.1762224280378,4.16641393936755,0.295323445024998,2.32114461299175,4.4920524830205,0.284451858847917,2.4402464272704,4.79492129437541,0.274203126280218,2.53499941249267,5.07088425843719,0.26470863144479,2.60760266944764,5.31684494327187,0.253966613809346,2.66163513053956,5.52787800242214,0.242897129455109,2.70254821319948,5.7042889173183,0.234248409055428,2.73337831170886,5.83893158000929,0.23007251399164,2.75908795559332,5.93466258578102,0.230017006182723
,0.501106570668016,0,0.018741333507222,0.524334415007556,0.390032492874473,0.075031253058982,0.586609487532861,0.780025833196812,0.14252917449055,0.685510897297754,1.16985211800048,0.20989241914295,0.817723883243889,1.55922377160925,0.277309869417506,0.981756848458068,1.94751152926718,0.34472148135336,1.16602161780519,2.33377423365663,0.372808260495985,1.36354376471724,2.71682707787633,0.358471289675835,1.56684818627902,3.09399966550024,0.344898350558163,1.76664911812958,3.46373074645488,0.331827988137593,1.95487031689543,3.82232264789519,0.319184710876541,2.12489809241655,4.16641393936755,0.306924997795835,2.27291162698973,4.4920524830205,0.295108484259984,2.39577869804095,4.79492129437541,0.283843135961846,2.49488592623682,5.07088425843719,0.273279126583849,2.57241311186503,5.31684494327187,0.261410814666215,2.63185256976814,5.52787800242214,0.249137620505873,2.67854160016326,5.7042889173183,0.23915146009269,2.71550998039895,5.83893158000929,0.233308780035949,2.74758279411676,5.93466258578102,0.231388943753164
,0.44406905848045,0,0.032277512893582,0.46729790415035,0.390032492874473,0.088592990724135,0.529583575624647,0.780025833196812,0.156125650375561,0.62851811715582,1.16985211800048,0.223476933561066,0.760814381426127,1.55922377160925,0.290807514542072,0.925043183217015,1.94751152926718,0.358044482124644,1.10966015288478,2.33377423365663,0.385884388697168,1.30775266546937,2.71682707787633,0.371203111655857,1.51198355307876,3.09399966550024,0.357140075115785,1.71309817686261,3.46373074645488,0.343471182577069,1.90313170585877,3.82232264789519,0.33013475017865,2.07555353840293,4.16641393936755,0.317102422329253,2.22654457099144,4.4920524830205,0.304453731670189,2.35303524380217,4.79492129437541,0.292294995388428,2.45633061184594,5.07088425843719,0.280792963189231,2.53859214764557,5.31684494327187,0.267938588505119,2.60322967437016,5.52787800242214,0.254611229722045,2.6554722294452,5.7042889173183,0.243448230987381,2.69834636364745,5.83893158000929,0.236119361988198,2.7365427804888,5.93466258578102,0.232521277826275
,0.389630987263185,0,0.043582454132238,0.412860745957191,0.390032492874473,0.099929802094358,0.475156513906734,0.780025833196812,0.167506912257308,0.574124226379374,1.16985211800048,0.234864119684071,0.706503566504493,1.55922377160925,0.302135272624557,0.870924720425903,1.94751152926718,0.369235907681943,1.05588456021652,2.33377423365663,0.396880211618485,1.25452922166669,2.71682707787633,0.381917055068087,1.45965327953318,3.09399966550024,0.367441460743814,1.66203058445313,3.46373074645488,0.353264844527549,1.85380151361855,3.82232264789519,0.339339677892935,2.02851385268103,4.16641393936755,0.325652403941035,2.18234966824072,4.4920524830205,0.312300414960086,2.31229891547457,4.79492129437541,0.299389126341708,2.41958898749761,5.07088425843719,0.287099333350164,2.5063641543954,5.31684494327187,0.273419128065816,2.57595652650381,5.52787800242214,0.259208482013329,2.63349364878574,5.7042889173183,0.247052209944384,2.68200269450228,5.83893158000929,0.238443766573113,2.72604362610359,5.93466258578102,0.233380500988802
,0.338123474900659,0,0.052434060362159,0.361354048706014,0.390032492874473,0.108820106615837,0.423659347399581,0.780025833196812,0.176452182091994,0.522660215368982,1.16985211800048,0.243834810497295,0.655122264836142,1.55922377160925,0.311076568538884,0.81973163323691,1.94751152926718,0.378082895119418,1.00502356584368,2.33377423365663,0.405587857224776,1.20419953962475,2.71682707787633,0.390411401461437,1.4101788872105,3.09399966550024,0.375608541796872,1.61376102377377,3.46373074645488,0.361024130734303,1.80718458345853,3.82232264789519,0.346625149433036,1.98407047440334,4.16641393936755,0.332412413796139,2.14060133783972,4.4920524830205,0.31849892208861,2.27382310646278,4.79492129437541,0.304990003891314,2.38488990533916,5.07088425843719,0.292077715534538,2.47593005962825,5.31684494327187,0.27774788581376,2.55020331517955,5.52787800242214,0.262841869636681,2.61274328656816,5.7042889173183,0.249894272082786,2.66658196643782,5.83893158000929,0.240233843399436,2.7161527744209,5.93466258578102,0.233940347726947
,0.289830427425965,0,0.058590539063174,0.313061708835468,0.390032492874473,0.115022792341554,0.375375917685468,0.780025833196812,0.182721395402845,0.474409928163176,1.16985211800048,0.250150874567887,0.606954294119649,1.55922377160925,0.317396240309654,0.771747352383626,1.94751152926718,0.384354431100626,0.957359573566659,2.33377423365663,0.411781864706978,1.15704402438968,2.71682707787633,0.396467453175409,1.36383713415161,3.09399966550024,0.381431024405863,1.56856067113998,3.46373074645488,0.366548590301179,1.76354389895678,3.82232264789519,0.351802032878605,1.94247507102039,4.16641393936755,0.337206074521395,2.1015367488443,4.4920524830205,0.322886844585352,2.23782696171277,4.79492129437541,0.308950483589461,2.35243138663332,5.07088425843719,0.295597250152687,2.4474637839152,5.31684494327187,0.280811366783752,2.52611740400519,5.52787800242214,0.265416416026826,2.59334023044763,5.7042889173183,0.251899336607925,2.65217368819893,5.83893158000929,0.241436914344964,2.7069292526932,5.93466258578102,0.234171249960753
,0.244724697626195,0,0.061849692062187,0.26795657409428,0.390032492874473,0.118336639563212,0.330279075045935,0.780025833196812,0.186114808867371,0.429346431025936,1.16985211800048,0.253614804017176,0.561973224607518,1.55922377160925,0.320899773614421,0.726946244490994,1.94751152926718,0.387859841015597,0.91286798628749,2.33377423365663,0.415276614093689,1.11303935547134,2.71682707787633,0.399905466535632,1.32060629459261,3.09399966550024,0.384736066306055,1.526409571094,3.46373074645488,0.36967330671537,1.72286135794848,3.82232264789519,0.354714494643928,1.90371139800318,4.16641393936755,0.339887841784756,2.06514145929665,4.4920524830205,0.32532999701796,2.20429777886602,4.79492129437541,0.311148894561647,2.32220239092708,5.07088425843719,0.297549715027184,2.42095589977902,5.31684494327187,0.282515780233743,2.50369102202992,5.52787800242214,0.26685370414477,2.57527859535471,5.7042889173183,0.253005219013721,2.63877456687296,5.83893158000929,0.242008037069847,2.6983726812878,5.93466258578102,0.23404511871193
,0.202682284781049,0,0.062331781496556,0.225914648340062,0.390032492874473,0.118881545292244,0.288244847474466,0.780025833196812,0.186751759454899,0.387345736814695,1.16985211800048,0.25434493410476,0.520055048044917,1.55922377160925,0.321703993576973,0.68520442092652,1.94751152926718,0.388713862455432,0.871425302889139,2.33377423365663,0.416184054518814,1.07206283413979,2.71682707787633,0.400834012487987,1.28036518165185,3.09399966550024,0.385628066797757,1.48718889423655,3.46373074645488,0.370497803468721,1.68502163976119,3.82232264789519,0.355456453298426,1.8676690267421,4.16641393936755,0.340545314832939,2.03131134593171,4.4920524830205,0.325909051795681,2.17313930594079,4.79492129437541,0.311658333493021,2.29411591564337,5.07088425843719,0.298000118144684,2.39632997600322,5.31684494327187,0.282917503210963,2.48285939465947,5.52787800242214,0.267200907704676,2.55850600988802,5.7042889173183,0.253249223665016,2.62634516550597,5.83893158000929,0.241973470398141,2.69045693664295,5.93466258578102,0.233576879197442
,0.163835649848467,0,0.060298798255574,0.18706839796139,0.390032492874473,0.11691808208476,0.249405680277708,0.780025833196812,0.184890685951755,0.348539932318217,1.16985211800048,0.252596579522615,0.48133100476767,1.55922377160925,0.320060148427736,0.646651678315887,1.94751152926718,0.387162632268662,0.833159280425722,2.33377423365663,0.414743622202304,1.03423947926009,2.71682707787633,0.399484832121963,1.24323503998561,3.09399966550024,0.38432987113989,1.4510152240078,3.46373074645488,0.369234768619984,1.65013572566941,3.82232264789519,0.354228968694769,1.83445236865557,4.16641393936755,0.339366360113346,2.0001433633369,4.4920524830205,0.324797276095423,2.14444006125882,4.79492129437541,0.310635944184626,2.26825121893446,5.07088425843719,0.297088239963271,2.37365517650931,5.31684494327187,0.282137650143613,2.46368076381847,5.52787800242214,0.266559262496642,2.54306888385545,5.7042889173183,0.252711702656399,2.61491848627482,5.83893158000929,0.241391774158923,2.68320080158549,5.93466258578102,0.232804163254579
,0.128346694980042,0,0.056031345998589,0.151579730700311,0.390032492874473,0.112725303511487,0.213923454953079,0.780025833196812,0.180808311107267,0.313090498848601,1.16985211800048,0.248643070117222,0.445961629673975,1.55922377160925,0.316237174015238,0.61144692048508,1.94751152926718,0.383469583745102,0.798226494774541,2.33377423365663,0.41121154262395,0.999722710784922,2.71682707787633,0.396105892392318,1.20936489555623,3.09399966550024,0.381079928022378,1.41803210656721,3.46373074645488,0.366111795177723,1.61834050263428,3.82232264789519,0.351247208488214,1.80419041698372,4.16641393936755,0.336552043089623,1.97175746372862,4.4920524830205,0.322180123346814,2.11830968853512,4.79492129437541,0.308249930150676,2.24470656321224,5.07088425843719,0.294963699930449,2.3530173043074,5.31684494327187,0.280305855137121,2.44622742772722,5.52787800242214,0.265037120236844,2.52902490970789,5.7042889173183,0.25147867103764,2.60453579244685,5.83893158000929,0.240325735898379,2.67662815935338,5.93466258578102,0.231767530824756
,0.096467702345078,0,0.049906378397397,0.119700935843652,0.390032492874473,0.106678027081341,0.182050419166156,0.780025833196812,0.174876242327946,0.281249118345584,1.16985211800048,0.242851373994985,0.414197264155059,1.55922377160925,0.310596068585901,0.579838150428429,1.94751152926718,0.377988274467218,0.766871572455082,2.33377423365663,0.405931636542174,0.96875252801944,2.71682707787633,0.391029890815929,1.17898823420491,3.09399966550024,0.376198165038732,1.38846481981661,3.46373074645488,0.36143426773039,1.58985115823656,3.82232264789519,0.346799915758488,1.7770862665481,4.16641393936755,0.332372211956431,1.94634276523709,4.4920524830205,0.318306511467383,2.09492124711125,4.79492129437541,0.304726069207044,2.22363717724822,5.07088425843719,0.291827332924601,2.33455198839699,5.31684494327187,0.27759611721393,2.43061373545361,5.52787800242214,0.262779904649732,2.5164654583821,5.7042889173183,0.249665599480545,2.5952627911689,5.83893158000929,0.23885981941529,2.67077763449478,5.93466258578102,0.230521910972721
,0.068555298482756,0,0.042280603842742,0.091788645335707,0.390032492874473,0.099130757342158,0.154143143904661,0.780025833196812,0.167445678898326,0.253371731124518,1.16985211800048,0.235568024494281,0.386392345573656,1.55922377160925,0.303477488820621,0.552177093622619,1.94751152926718,0.371052155003249,0.739442199345069,2.33377423365663,0.399227957334962,0.941670924435895,2.71682707787633,0.384570256612175,1.15243881608068,3.09399966550024,0.369985983578424,1.36263648790465,3.46373074645488,0.355489961824465,1.56497738937641,3.82232264789519,0.341159288780297,1.75343312625307,4.16641393936755,0.327081352763678,1.92417304469764,4.4920524830205,0.313411264078118,2.07452582569698,4.79492129437541,0.30027739904553,2.20526866458029,5.07088425843719,0.287868648840093,2.3184565853942,5.31684494327187,0.274172591661969,2.41700627204198,5.52787800242214,0.259924780455008,2.50552399357762,5.7042889173183,0.247381488940184,2.58719648310584,5.83893158000929,0.237074348955208,2.66570794258971,5.93466258578102,0.229120781165532
,0.044925822196166,0,0.033486991124226,0.068159203211724,0.390032492874473,0.090414431522549,0.130517919332804,0.780025833196812,0.15884451032453,0.229774052035072,1.16985211800048,0.227116594429376,0.36286121876365,1.55922377160925,0.295199553911448,0.528775633572621,1.94751152926718,0.362972641190157,0.71624660676559,2.33377423365663,0.391403174787778,0.918781002248889,2.71682707787633,0.377019756270422,1.13001234862369,3.09399966550024,0.362724914876866,1.34083329293998,3.46373074645488,0.348547670568543,1.54399338915562,3.82232264789519,0.334579556151996,1.73349050684348,4.16641393936755,0.320917137096608,1.90549054542079,4.4920524830205,0.307713678724549,2.05734554134664,4.79492129437541,0.295102865538267,2.18980056242844,5.07088425843719,0.283264620966866,2.30490562744073,5.31684494327187,0.270188578949762,2.40555233917183,5.52787800242214,0.256599846801873,2.49631849741478,5.7042889173183,0.244728123796026,2.58042252389145,5.83893158000929,0.2350442473226,2.661470779315,5.93466258578102,0.227613849438888
,0.025828806615602,0,0.023906778965419,0.049062149863804,0.390032492874473,0.080908136590767,0.111424244776005,0.780025833196812,0.149448589729175,0.210705012787763,1.16985211800048,0.217868258025801,0.343851470815977,1.55922377160925,0.286127411196354,0.509879016168428,1.94751152926718,0.354107362984068,0.697526665982791,2.33377423365663,0.38280508008198,0.900320015499675,2.71682707787633,0.368714935970429,1.11193959697581,3.09399966550024,0.354738587347287,1.32327783550468,3.46373074645488,0.340916307568086,1.52711173793491,3.82232264789519,0.327352792675234,1.71745899880313,4.16641393936755,0.314152522085152,1.89048201799503,4.4920524830205,0.301465537484888,2.04355126024693,4.79492129437541,0.289430842308611,2.17738611403623,5.07088425843719,0.278218392852124,2.29403299733899,5.31684494327187,0.265820079805954,2.39636480447919,5.52787800242214,0.252952201905863,2.48893914024798,5.7042889173183,0.241822300113665,2.57500570853799,5.83893158000929,0.232854919560668,2.65810415224586,5.93466258578102,0.226056597873845
,0.011537452691092,0,0.014031452624918,0.034770696150868,0.390032492874473,0.071100658834123,0.097135287023312,0.780025833196812,0.139742644447184,0.196437087625259,1.16985211800048,0.208301824125856,0.329633938931091,1.55922377160925,0.276732193320245,0.495755265662774,1.94751152926718,0.344917829669328,0.683546398098671,2.33377423365663,0.373882573950484,0.886546573211775,2.71682707787633,0.360090240057195,1.0984716561045,3.09399966550024,0.346444768873777,1.31021186501308,3.46373074645488,0.332994614696964,1.51456286271294,3.82232264789519,0.31985596186411,1.70555564701468,4.16641393936755,0.307139756082666,1.87934921785612,4.4920524830205,0.294991731143406,2.03332734151915,4.79492129437541,0.283555996623931,2.16819050177074,5.07088425843719,0.272992074598267,2.28598290809302,5.31684494327187,0.261294195923467,2.38956516283907,5.52787800242214,0.249171666350307,2.48348283579457,5.7042889173183,0.238814699280389,2.57101524627156,5.83893158000929,0.230616304915251,2.65564794287711,5.93466258578102,0.224519936480248
,0.002446615770905,0,0.004452314887123,0.025679708595957,0.390032492874473,0.061579951543523,0.088045847470823,0.780025833196812,0.130309594294742,0.18736419124049,1.16985211800048,0.198992937242996,0.320600436726673,1.55922377160925,0.267580181968296,0.48679253132115,1.94751152926718,0.335958652480793,0.674688662248814,2.33377423365663,0.365174995477021,0.877836285952805,2.71682707787633,0.351667560043318,1.0899739348361,3.09399966550024,0.338345319196646,1.30198793652472,3.46373074645488,0.325261638006685,1.50668351957955,3.82232264789519,0.312542004037181,1.69809827623876,4.16641393936755,0.300302138968872,1.87238809193461,4.4920524830205,0.288682726534205,2.02694459784662,4.79492129437541,0.277832496106723,2.16245663318437,5.07088425843719,0.267900706893177,2.28096759504058,5.31684494327187,0.256883872023522,2.38533234882069,5.52787800242214,0.245486360264427,2.48009255956518,5.7042889173183,0.235886454660781,2.56855394672157,5.83893158000929,0.228460893298079,2.65416257295581,5.93466258578102,0.223090017692759
,0.000747024535606,0,0.001632587319863,0.023980062003291,0.390032492874473,0.058775912930381,0.086346477901193,0.780025833196812,0.127529142549134,0.185668901811645,1.16985211800048,0.196246750081178,0.318914802099802,1.55922377160925,0.264878289359703,0.4851235946329,1.94751152926718,0.333312155684776,0.673043639163852,2.33377423365663,0.362601041450288,0.876223785871189,2.71682707787633,0.349176654814613,1.08840686480722,3.09399966550024,0.335950026349697,1.30047770028781,3.46373074645488,0.32297534774669,1.50524259118029,3.82232264789519,0.310380468484332,1.69673977977662,4.16641393936755,0.298282209923805,1.87112427225956,4.4920524830205,0.28681959096057,2.02578898414033,4.79492129437541,0.276142632679556,2.16142069644169,5.07088425843719,0.266397544323526,2.28006283923117,5.31684494327187,0.255581513350928,2.3845698550011,5.52787800242214,0.244397833044674,2.47948384910291,5.7042889173183,0.235022272625559,2.56811783601579,5.83893158000929,0.227829709773249,2.6539089123878,5.93466258578102,0.22268151562322
,-0.00034669643349,0,-0.000963275258712,0.022886284758404,0.390032492874473,0.056193765078863,0.085252869520082,0.780025833196812,0.124967640127373,0.184578668835147,1.16985211800048,0.193715690144674,0.31783252107215,1.55922377160925,0.26238709886124,0.484054692246979,1.94751152926718,0.330871303611219,0.671993378538974,2.33377423365663,0.360226240563886,0.875198218467571,2.71682707787633,0.346877916535737,1.08741485315867,3.09399966550024,0.333739534254724,1.29952655026797,3.46373074645488,0.320865747889319,1.5043397521124,3.82232264789519,0.308386399676371,1.69589267671142,4.16641393936755,0.296419175674273,1.87033953891047,4.4920524830205,0.28510147612185,2.02507393941716,4.79492129437541,0.274584478379902,2.16078142501698,5.07088425843719,0.265011569897053,2.27950558737843,5.31684494327187,0.254380560137015,2.38410109018646,5.52787800242214,0.243393934491318,2.47911121089612,5.7042889173183,0.234225629294669,2.56785545019355,5.83893158000929,0.22725022246357,2.653763932119,5.93466258578102,0.222311431433348
,-0.000866126864243,0,-0.003389629937608,0.022366796052927,0.390032492874473,0.053779451510672,0.08473344664278,0.780025833196812,0.122571482558049,0.184061994323487,1.16985211800048,0.191346810725052,0.317322279421824,1.55922377160925,0.2600545153654,0.483554826822482,1.94751152926718,0.32858506738348,0.671507335544949,2.33377423365663,0.358000960538055,0.874729652678849,2.71682707787633,0.344723312906541,1.08696882381585,3.09399966550024,0.331667654337112,1.29910647718735,3.46373074645488,0.318888752516022,1.50394829021913,3.82232264789519,0.306518118356315,1.69553179329759,4.16641393936755,0.294674088458084,1.8700104809389,4.4920524830205,0.283492458273889,2.02477806342036,4.79492129437541,0.273125450823082,2.16051963922396,5.07088425843719,0.263713801099406,2.27927909121095,5.31684494327187,0.253255901250978,2.38391194174696,5.52787800242214,0.242453676095864,2.47896338259908,5.7042889173183,0.233479862770859,2.56775873188778,5.83893158000929,0.226710267760511,2.65372296483596,5.93466258578102,0.221971905304454
,-0.000862696145145,0,-0.004884402143674,0.022370187222362,0.390032492874473,0.052291596894495,0.084736819189172,0.780025833196812,0.121094079023561,0.184066798490439,1.16985211800048,0.189885455418557,0.317330403539928,1.55922377160925,0.258614896493229,0.483567974114327,1.94751152926718,0.327173548209817,0.671526681533564,2.33377423365663,0.356626490959206,0.874756161598911,2.71682707787633,0.343392114269714,1.08700353851157,3.09399966550024,0.330387572521912,1.29914931191657,3.46373074645488,0.31766749832005,1.50399810983484,3.82232264789519,0.305364305830493,1.69558661136195,4.16641393936755,0.293596631002318,1.87006787968554,4.4920524830205,0.282499221588919,2.02483535113801,4.79492129437541,0.272224922210973,2.16057430167043,5.07088425843719,0.262912824202277,2.27932888367119,5.31684494327187,0.252561679510915,2.38395556780174,5.52787800242214,0.241873192746157,2.47900125174294,5.7042889173183,0.233019692859046,2.56779467976279,5.83893158000929,0.226378713581662,2.65375853528189,5.93466258578102,0.221766848944578
,-0.00049238545903,0,-0.006229647463868,0.022740458171859,0.390032492874473,0.050952008998737,0.085107006188789,0.780025833196812,0.119763063316977,0.184437976960143,1.16985211800048,0.188568023468091,0.317703839726006,1.55922377160925,0.25731631821558,0.483944376427638,1.94751152926718,0.325899744559929,0.671906032070635,2.33377423365663,0.355385459735114,0.875137866516663,2.71682707787633,0.342189719203042,1.08738618157973,3.09399966550024,0.329231356111652,1.29953032654661,3.46373074645488,0.316564648720463,1.50437332853089,3.82232264789519,0.304322682456723,1.69595061491646,4.16641393936755,0.292624247519066,1.87041487482851,4.4920524830205,0.281603081709751,2.0251589103788,4.79492129437541,0.27141256342837,2.1608686723103,5.07088425843719,0.262190293872692,2.27958865791759,5.31684494327187,0.25193534974495,2.38417666737174,5.52787800242214,0.241349379554113,2.47918173151071,5.7042889173183,0.232604720248989,2.56793549894294,5.83893158000929,0.226081561800775,2.65385958988242,5.93466258578102,0.221586972690593
,0.000371376051153,0,-0.007494711177355,0.023604176497435,0.390032492874473,0.049691467876901,0.085970551244506,0.780025833196812,0.118509413437366,0.185302037533081,1.16985211800048,0.187325941640805,0.31856899846194,1.55922377160925,0.256090971837578,0.484810142141296,1.94751152926718,0.324696974341268,0.672770877624774,2.33377423365663,0.354212707021468,0.875999181579029,2.71682707787633,0.341052869858743,1.08823932863173,3.09399966550024,0.328138178979102,1.30036939722463,3.46373074645488,0.315522252638043,1.50518998739384,3.82232264789519,0.303338608678181,1.69673466774381,4.16641393936755,0.291706020695201,1.87115579545353,4.4920524830205,0.28075718260016,2.02584503197608,4.79492129437541,0.270645938759608,2.16148968571026,5.07088425843719,0.261508473755709,2.28013472196916,5.31684494327187,0.251344171016508,2.38463985952292,5.52787800242214,0.240854825752534,2.4795569745667,5.7042889173183,0.232213309367107,2.56822019554227,5.83893158000929,0.225803856463364,2.654051545741,5.93466258578102,0.221424370373241
,0.001720015016551,0,-0.008785262585723,0.024952766133834,0.390032492874473,0.048404806889837,0.087318878587575,0.780025833196812,0.117228721567747,0.186650512774086,1.16985211800048,0.186055957235055,0.319917664536624,1.55922377160925,0.25483715826857,0.486157448465546,1.94751152926718,0.323465537246894,0.674113896755812,2.33377423365663,0.353011165350152,0.877333389948703,2.71682707787633,0.339887565055353,1.0895569976849,3.09399966550024,0.327017649316342,1.30166133052461,3.46373074645488,0.314454066764243,1.50644367683124,3.82232264789519,0.302330596065088,1.69793509083935,4.16641393936755,0.29076584728537,1.87228760906729,4.4920524830205,0.279891364050143,2.02689123581253,4.79492129437541,0.269861433439136,2.16243532017397,5.07088425843719,0.260810781006364,2.28096543519222,5.31684494327187,0.250739104289829,2.38534386293439,5.52787800242214,0.240348529025435,2.4801261433948,5.7042889173183,0.231812949661035,2.56864870684375,5.83893158000929,0.225522129477919,2.65433525992955,5.93466258578102,0.221264433973653
,0.004462726007443,0,-0.010773338049204,0.027695393629477,0.390032492874473,0.04642169542298,0.090060980323167,0.780025833196812,0.115253295831173,0.189392304494339,1.16985211800048,0.184095470069721,0.322658427747662,1.55922377160925,0.252900298919656,0.48889330121737,1.94751152926718,0.321562217215211,0.676838380702163,2.33377423365663,0.351152864562721,0.880036889158204,2.71682707787633,0.33808453191351,1.09222334125582,3.09399966550024,0.325283908988247,1.3042718423807,3.46373074645488,0.31280172909908,1.50897339023264,3.82232264789519,0.300771916158954,1.70035428616695,4.16641393936755,0.289312619740171,1.87456609830263,4.4920524830205,0.278553490009105,2.02899557590837,4.79492129437541,0.268649449593861,2.16433614470986,5.07088425843719,0.25973295669985,2.282634499313,5.31684494327187,0.24980419446057,2.3867577328222,5.52787800242214,0.23956605513192,2.48126811222317,5.7042889173183,0.231194689021986,2.56950528935368,5.83893158000929,0.225090371905811,2.65489737415525,5.93466258578102,0.22102650884428
,0.007986170716779,0,-0.012825313331798,0.031218744345803,0.390032492874473,0.0443737721128,0.093583661661566,0.780025833196812,0.113211733429515,0.192914105825916,1.16985211800048,0.182067706105207,0.326177790496376,1.55922377160925,0.250895586179465,0.492404663790188,1.94751152926718,0.319591152084084,0.680333048158579,2.33377423365663,0.349227188804865,0.883502179892776,2.71682707787633,0.336215322599697,1.09563812356672,3.09399966550024,0.323486550120541,1.30761214488908,3.46373074645488,0.311089188787431,1.51220751059451,3.82232264789519,0.299157045302708,1.70344470059905,4.16641393936755,0.287807576763244,1.87747482619545,4.4920524830205,0.277168352549867,2.03168054584301,4.79492129437541,0.267394902906747,2.16676046435021,5.07088425843719,0.258617325263568,2.28476262695051,5.31684494327187,0.24883630574151,2.38855999029166,5.52787800242214,0.238755795715456,2.48272289218316,5.7042889173183,0.230554981769055,2.57059397183637,5.83893158000929,0.224647067991789,2.65560776875737,5.93466258578102,0.220789739581582
,0.018751498354182,0,-0.017798375625305,0.041983819070492,0.390032492874473,0.039407085715656,0.104346706815389,0.780025833196812,0.108255410753144,0.203673218200498,1.16985211800048,0.177139616700109,0.336926566840776,1.55922377160925,0.246019068283829,0.503124627643596,1.94751152926718,0.314793063957274,0.690996605252355,2.33377423365663,0.344535642798866,0.894069735460101,2.71682707787633,0.331658769290476,1.10604418949355,3.09399966550024,0.319105192022069,1.31778353461502,3.46373074645488,0.306915962308902,1.52204832165379,3.82232264789519,0.295223744191111,1.71284197843383,4.16641393936755,0.284143618456559,1.88631459469536,4.4920524830205,0.273797705106567,2.0398365645297,4.79492129437541,0.264342851534313,2.17412216686669,5.07088425843719,0.255903367659102,2.29122334063548,5.31684494327187,0.246481164352722,2.39403013900829,5.52787800242214,0.236783621099894,2.4871360842162,5.7042889173183,0.228999558406558,2.57388996995189,5.83893158000929,0.223580191657624,2.65774797602721,5.93466258578102,0.220244212800369
,0.040649482781813,0,-0.025454722838366,0.063881354053402,0.390032492874473,0.031752317064462,0.126240143013691,0.780025833196812,0.100604514375027,0.225556294526125,1.16985211800048,0.169519731614259,0.35878314462632,1.55922377160925,0.238468310368,0.524914308404467,1.94751152926718,0.307355599183258,0.712661308175926,2.33377423365663,0.33725392826799,0.915527310981436,2.71682707787633,0.324580444530733,1.12715967476196,3.09399966550024,0.312299131792609,1.33840816208609,3.46373074645488,0.300436479911752,1.54198883344823,3.82232264789519,0.289121340243937,1.73187182387656,4.16641393936755,0.278463465563344,1.90420585506498,4.4920524830205,0.268575614001951,2.05633681867381,4.79492129437541,0.259616289030572,2.18901059261411,5.07088425843719,0.251700732344094,2.3042865941641,5.31684494327187,0.24283275411334,2.4050880999168,5.52787800242214,0.233727071525745,2.49605299435085,5.7042889173183,0.226592779045491,2.5805369500602,5.83893158000929,0.221955586611353,2.66204395211126,5.93466258578102,0.219472012076239
,0.069596297305842,0,-0.033412139110299,0.092827631645452,0.390032492874473,0.023786967605749,0.155181028492509,0.780025833196812,0.092629145975371,0.254481409275602,1.16985211800048,0.161562117786053,0.387668416099954,1.55922377160925,0.230570605456451,0.553703857775033,1.94751152926718,0.299566978657852,0.741276642820876,2.33377423365663,0.329617561487931,0.943858422531018,2.71682707787633,0.317150304995874,1.15502661542777,3.09399966550024,0.305154915386364,1.3656143673798,3.46373074645488,0.293638826178397,1.568280437357,3.82232264789519,0.282724539521395,1.75695217639272,4.16641393936755,0.272514330299371,1.92777712224425,4.4920524830205,0.263110096729246,2.078069168208,4.79492129437541,0.254671631417583,2.20861571280339,5.07088425843719,0.247304567636777,2.32148567017637,5.31684494327187,0.239014705484846,2.41964486867936,5.52787800242214,0.230526782455575,2.50778737400531,5.7042889173183,0.224077288901479,2.58927299065965,5.83893158000929,0.220287923626762,2.66767222774865,5.93466258578102,0.21874809664644
,0.10538401981273,0,-0.041453110669291,0.128614737828496,0.390032492874473,0.015727865418759,0.19096148989522,0.780025833196812,0.084545083590209,0.290240648492655,1.16985211800048,0.153480703236536,0.423374396605664,1.55922377160925,0.222537118695388,0.589285438226765,1.94751152926718,0.291634568985163,0.776635355404727,2.33377423365663,0.321828840253962,0.978857085345473,2.71682707787633,0.309564524836548,1.18944147405948,3.09399966550024,0.297861179652579,1.39920247900319,3.46373074645488,0.286702838137755,1.60072926994378,3.82232264789519,0.276203065277559,1.7878973208722,4.16641393936755,0.266454529673277,1.95685322450932,4.4920524830205,0.257546961914803,2.10487163869549,4.79492129437541,0.249641000832877,2.23279108742492,5.07088425843719,0.242832376413593,2.34269190320303,5.31684494327187,0.235128916419142,2.43759138758088,5.52787800242214,0.227268013044414,2.52225102048022,5.7042889173183,0.221520521844002,2.6000315939188,5.83893158000929,0.218624751128806,2.67458862885426,5.93466258578102,0.218099669074395
,0.147926357546493,0,-0.049596715486339,0.171156380315874,0.390032492874473,0.007556154404593,0.233495250494223,0.780025833196812,0.076333800455612,0.332747823534361,1.16985211800048,0.145257368011092,0.465815111531635,1.55922377160925,0.214350174103576,0.631573504746917,1.94751152926718,0.283541173708098,0.818652598452968,2.33377423365663,0.313871175218512,1.02043950543204,2.71682707787633,0.301807138979801,1.23032207707428,3.09399966550024,0.290402570734642,1.43909252796865,3.46373074645488,0.279613813094217,1.6392582919499,3.82232264789519,0.26954295075062,1.82463397621651,4.16641393936755,0.260270948524068,1.99136545852847,4.4920524830205,0.251874064059008,2.13668101182755,4.79492129437541,0.244513353460868,2.26147977161655,5.07088425843719,0.238274330149272,2.3678553896312,5.31684494327187,0.231166891657297,2.45888546223534,5.52787800242214,0.223943683061137,2.5394099977987,5.7042889173183,0.218916800973937,2.612787717283,5.83893158000929,0.216961546865506,2.68277737710715,5.93466258578102,0.217523014802924
,0.19675257425346,0,-0.058024050682792,0.219981823378148,0.390032492874473,-0.000907695489062,0.282311658509135,0.780025833196812,0.067818102016269,0.381532837045227,1.16985211800048,0.136717964112335,0.514521802511694,1.55922377160925,0.205839166012917,0.680101902067981,1.94751152926718,0.275120251222855,0.866866342525614,2.33377423365663,0.305583246044324,1.06814977127843,2.71682707787633,0.293722462447331,1.27722177841266,3.09399966550024,0.282629371840708,1.48485031724282,3.46373074645488,0.272228617557994,1.68344965407162,3.82232264789519,0.262608552023055,1.86676505942095,4.16641393936755,0.253836522788689,2.03094185579368,4.4920524830205,0.24597396833746,2.17315524599851,4.79492129437541,0.239182041307807,2.29437382373316,5.07088425843719,0.233535540117886,2.3967063621843,5.31684494327187,0.227046516555546,2.48329907822217,5.52787800242214,0.220485257788589,2.55908106245919,5.7042889173183,0.216211446311474,2.62740655108301,5.83893158000929,0.215256556078015,2.69215419975861,5.93466258578102,0.216987301841906
,0.251165388998823,0,-0.066785542387645,0.274393792614756,0.390032492874473,-0.009712797997216,0.3367135665118,0.780025833196812,0.05895080989194,0.435899153815749,1.16985211800048,0.127817486101242,0.568799432929844,1.55922377160925,0.19696116758355,0.734178715313287,1.94751152926718,0.266330799092177,0.920589877269419,2.33377423365663,0.296926384512205,1.12130918536276,2.71682707787633,0.285273868371966,1.32947440050082,3.09399966550024,0.274506347776194,1.53582691399308,3.46373074645488,0.264513195836487,1.73267760433168,3.82232264789519,0.255367080189118,1.91369482892533,4.16641393936755,0.247120046422716,2.07502347335935,4.4920524830205,0.239817459645356,2.2137797120785,4.79492129437541,0.23362031795276,2.33100947146411,5.07088425843719,0.228592171571748,2.42883826311077,5.31684494327187,0.222747321369881,2.51048837796158,5.52787800242214,0.216875808562194,2.58098746475457,5.7042889173183,0.21339051974403,2.6436833168559,5.83893158000929,0.213496246558951,2.70258917779354,5.93466258578102,0.216476748229326
,0.310444441435577,0,-0.075866749207013,0.33367193618796,0.390032492874473,-0.018843664050848,0.395980754640594,0.780025833196812,0.049748947010916,0.495127122617864,1.16985211800048,0.118574487060059,0.627929751669565,1.55922377160925,0.187735911451329,0.793088694190288,1.94751152926718,0.257193287038877,0.979113052165033,2.33377423365663,0.287921822402826,1.17921555467075,2.71682707787633,0.276482771212708,1.38639031672886,3.09399966550024,0.266054075452848,1.59135014197508,3.46373074645488,0.256486724974679,1.78629359866621,3.82232264789519,0.247836019209434,1.96480551537264,4.16641393936755,0.240137240074398,2.12303043557383,4.4920524830205,0.233418566747825,2.25802031021953,4.79492129437541,0.227840635998917,2.37090526080119,5.07088425843719,0.223455253927542,2.46382895092784,5.31684494327187,0.218279059973895,2.5400962561746,5.52787800242214,0.213123684785521,2.60484167001187,5.7042889173183,0.210460104950663,2.66140490310774,5.83893158000929,0.211681397134845,2.71394653735603,5.93466258578102,0.215984179219523
,0.373832554037722,0,-0.085226396268076,0.397059086205704,0.390032492874473,-0.028258038414319,0.459356194038948,0.780025833196812,0.040256198274214,0.55846028724975,1.16985211800048,0.109033979942619,0.691157716121406,1.55922377160925,0.178209270824771,0.856079862336848,1.94751152926718,0.247753872388589,1.04168914262539,2.33377423365663,0.278615871151602,1.24113039310747,2.71682707787633,0.267394918955817,1.44724410536155,3.09399966550024,0.257316530146049,1.65071277848155,3.46373074645488,0.248190681904988,1.84361513046371,3.82232264789519,0.240053889105043,2.0194468699102,4.16641393936755,0.232923437426669,2.17435227580824,4.4920524830205,0.226809374739814,2.30531468730213,4.79492129437541,0.221871805403051,2.41355421661774,5.07088425843719,0.218150363304841,2.50123387455274,5.31684494327187,0.21366410406526,2.57174662419218,5.52787800242214,0.209247796311457,2.63034081060229,5.7042889173183,0.207434629947468,2.68034669646673,5.83893158000929,0.209818614835465,2.72608295555094,5.93466258578102,0.215505633957817
,0.440533189954471,0,-0.094810560967948,0.463758716229537,0.390032492874473,-0.037901015800998,0.526043504657626,0.780025833196812,0.030528899466703,0.62510286000646,1.16985211800048,0.099253584810524,0.757689002279897,1.55922377160925,0.168439617972009,0.922361085988746,1.94751152926718,0.238071028834611,1.1075324959328,2.33377423365663,0.269066906226404,1.30627666410263,2.71682707787633,0.258067790291429,1.51127241521853,3.09399966550024,0.248348966553911,1.71317055973779,3.46373074645488,0.239677279822535,1.90392388695981,3.82232264789519,0.232069318647654,2.07693447819312,4.16641393936755,0.225523378849489,2.22834641048592,4.4920524830205,0.220030614834846,2.35507087352621,4.79492129437541,0.215750460653976,2.45842264242923,5.07088425843719,0.212710032825188,2.54058503868172,5.31684494327187,0.208930865724303,2.60504354906298,5.52787800242214,0.205272114313185,2.65716601888562,5.7042889173183,0.204332505818359,2.70027216234274,5.83893158000929,0.207917179698986,2.73884741394057,5.93466258578102,0.215038386719937
,0.509721873962484,0,-0.104546379539293,0.532946362264337,0.390032492874473,-0.047698794257105,0.595218374230554,0.780025833196812,0.020642213917723,0.694231125381417,1.16985211800048,0.089309611172937,0.826701371730699,1.55922377160925,0.158503792984168,0.991113371408425,1.94751152926718,0.228221380881947,1.17582972065829,2.33377423365663,0.259351027801455,1.37384981244565,2.71682707787633,0.248576063567178,1.57768476220685,3.09399966550024,0.239223177990167,1.7779526649716,3.46373074645488,0.231014492896869,1.96647582765985,3.82232264789519,0.223945802656237,2.13655932843835,4.16641393936755,0.217995663501034,2.28434709430194,4.4920524830205,0.213135775813521,2.40667551141131,4.79492129437541,0.209524792695425,2.50495752508183,5.07088425843719,0.207177072717434,2.58139748812662,5.31684494327187,0.204116671924473,2.63957673233009,5.52787800242214,0.201228071773975,2.68498682665535,5.7042889173183,0.201178038165504,2.72093607126736,5.83893158000929,0.205990479201569,2.752083198775,5.93466258578102,0.214581955611815
,0.580548451253206,0,-0.114356121757185,0.603771881148136,0.390032492874473,-0.057572688177736,0.666030816081919,0.780025833196812,0.010676212838812,0.764995709553218,1.16985211800048,0.079283284224849,0.897346967971129,1.55922377160925,0.148483530387883,1.06149219907814,1.94751152926718,0.2182863919279,1.24574206327321,2.33377423365663,0.249549094233349,1.44302018353306,2.71682707787633,0.238999055844615,1.64566598674665,3.09399966550024,0.230015417816581,1.8442641961164,3.46373074645488,0.222274534192726,2.03050365655738,3.82232264789519,0.21575081816471,2.1975902354363,4.16641393936755,0.210402587621387,2.34166775133033,4.4920524830205,0.206181738050603,2.45949604437179,4.79492129437541,0.203246057991466,2.5525885359617,5.07088425843719,0.201597018183683,2.62317107998299,5.31684494327187,0.199261218354626,2.67492302329809,5.52787800242214,0.197149089209598,2.71346240933271,5.7042889173183,0.197997089107936,2.74208549501757,5.83893158000929,0.204052893852032,2.76562865452757,5.93466258578102,0.214136200068381
,0.65215070764713,0,-0.124147174197118,0.675373070877477,0.390032492874473,-0.067429179030002,0.737618787080062,0.780025833196812,0.000725723601812,0.836535177713933,1.16985211800048,0.069270453664899,0.968765864364829,1.55922377160925,0.138474995984723,1.13264098023776,1.94751152926718,0.20836169369775,1.31641872542302,2.33377423365663,0.239755782007422,1.51294614061401,2.71682707787633,0.229429481501079,1.71438907651537,3.09399966550024,0.220814822011302,1.91129861414083,3.46373074645488,0.213541899772923,2.09522876277823,3.82232264789519,0.207563436312414,2.2592851639031,4.16641393936755,0.202817264179356,2.39961156289283,4.4920524830205,0.199235345416481,2.51289043834295,4.79492129437541,0.196974542062771,2.60073677356671,5.07088425843719,0.196023434560183,2.66539813633124,5.31684494327187,0.194411163818412,2.71065288238042,5.52787800242214,0.193074412674345,2.74224677125826,5.7042889173183,0.194820129942877,2.76346359553733,5.83893158000929,0.20212206491602,2.77931951061777,5.93466258578102,0.213702868388177
,0.72365861245082,0,-0.133825193785428,0.746879913068886,0.390032492874473,-0.077173014548669,0.809112429164297,0.780025833196812,-0.009112687051289,0.90798028478734,1.16985211800048,0.059368708269337,1.04009033569877,1.55922377160925,0.128576084572814,1.20369535481081,1.94751152926718,0.198544625336993,1.38700118622487,2.33377423365663,0.230067444305316,1.58277840317716,2.71682707787633,0.219961688055425,1.78301950308771,3.09399966550024,0.21171209681743,1.97824204462928,3.46373074645488,0.204902578875396,2.15986544902404,3.82232264789519,0.199464132078814,2.32089532064771,4.16641393936755,0.195314110507197,2.4574753606768,4.4920524830205,0.192364639165576,2.56621080621899,4.79492129437541,0.190771613158127,2.64881805710395,5.07088425843719,0.190510849712633,2.70756634837934,5.31684494327187,0.189614003471051,2.74633285097869,5.52787800242214,0.189043989649094,2.7709907583698,5.7042889173183,0.191678182208891,2.78481118557057,5.83893158000929,0.200215991016519,2.79298998645285,5.93466258578102,0.213283846844314
,0.794208266549669,0,-0.14328361414052,0.817428521171634,0.390032492874473,-0.086696785258604,0.879648015131958,0.780025833196812,-0.018730394610679,0.978467899867595,1.16985211800048,0.049687548939498,1.11045873153499,1.55922377160925,0.118896413446154,1.27379697034395,1.94751152926718,0.188944010080913,1.45663683760895,2.33377423365663,0.220591605852818,1.65167347631262,2.71682707787633,0.210700835591136,1.85072834840283,3.09399966550024,0.202808345980426,2.04428600723845,3.46373074645488,0.196452484295571,2.2236331522911,3.82232264789519,0.191542761411398,2.38167674232716,4.16641393936755,0.187976309291691,2.51456046086613,4.4920524830205,0.185645744711948,2.61881335487155,4.79492129437541,0.184705971396517,2.69625187125968,5.07088425843719,0.185120313250974,2.74916660584956,5.31684494327187,0.1849228833232,2.78153216380825,5.52787800242214,0.185102491002405,2.79934736256147,5.7042889173183,0.188606016419398,2.80587060328271,5.83893158000929,0.198355402749763,2.80647516865259,5.93466258578102,0.212882776825113
,0.862947586299748,0,-0.152414183054152,0.88616682401692,0.390032492874473,-0.095891421946963,0.948373631020762,0.780025833196812,-0.028017153440489,1.04714669411738,1.16985211800048,0.040338051952079,1.17902117625999,1.55922377160925,0.109547127959199,1.34209919350847,1.94751152926718,0.179670150985144,1.52448469897786,2.33377423365663,0.211437211033622,1.71879935279983,2.71682707787633,0.201753445191021,1.91669796534061,3.09399966550024,0.194205982234182,2.10863299578984,3.46373074645488,0.188288785114411,2.28576188699184,3.82232264789519,0.183890377570897,2.44089553162453,4.16641393936755,0.180888171247232,2.57017762058009,4.4920524830205,0.179155834921633,2.67006298114765,4.79492129437541,0.178847270956928,2.74246553024416,5.07088425843719,0.179913724139862,2.7896966610353,5.31684494327187,0.180391682346285,2.81582585895458,5.52787800242214,0.181295197302329,2.82697424496799,5.7042889173183,0.185638895199992,2.82638763739384,5.83893158000929,0.196561444424175,2.81961232589835,5.93466258578102,0.212503681216421
,0.929050560112932,0,-0.161094440686815,0.952268822573133,0.390032492874473,-0.104633753910273,1.01446343040633,0.780025833196812,-0.03684877499676,1.11319137152137,1.16985211800048,0.031445022883709,1.24495374362411,1.55922377160925,0.100652845806634,1.40778118208613,1.94751152926718,0.170846519810847,1.58972933494067,2.33377423365663,0.202725980196024,1.78334921165394,2.71682707787633,0.193238380846873,1.98013535674205,3.09399966550024,0.186019287817766,2.17050944164175,3.46373074645488,0.180519990902761,2.34550467980893,3.82232264789519,0.176608771027323,2.49783963895775,4.16641393936755,0.17414405572035,2.62365804597194,4.4920524830205,0.172981362610555,2.71934337310694,4.79492129437541,0.173273589449839,2.78690325746662,5.07088425843719,0.174960475269093,2.82866907393622,5.31684494327187,0.176080767589962,2.84880148606678,5.52787800242214,0.177672807200746,2.85353911378269,5.7042889173183,0.182816395680447,2.84611544552006,5.83893158000929,0.194858499591577,2.8322432967703,5.93466258578102,0.212152863748378
,0.99174508915625,0,-0.169182454356444,1.01496243047026,0.390032492874473,-0.112781311204291,1.07714546989605,0.780025833196812,-0.045082030104091,1.17583047681525,1.16985211800048,0.023151972644361,1.30748619759809,1.55922377160925,0.092356502762279,1.47007549022323,1.94751152926718,0.162614464786691,1.65160823922472,2.33377423365663,0.19459694360375,1.84456846643926,2.71682707787633,0.185291207763645,2.04029870584985,3.09399966550024,0.178378606014386,2.22919153774356,3.46373074645488,0.173269968197051,2.40216245275462,3.82232264789519,0.169814288649977,2.55184253610404,4.16641393936755,0.167851960583035,2.67437559056887,4.4920524830205,0.167221387734521,2.7660774387881,4.79492129437541,0.168074454862897,2.82904458888089,5.07088425843719,0.170340147577133,2.86562734114877,5.31684494327187,0.172059321710076,2.88007274452713,5.52787800242214,0.17429337614437,2.87873069477977,5.7042889173183,0.180183967074443,2.86482265447113,5.83893158000929,0.193275452663502,2.84421960111279,5.93466258578102,0.211839985317339
,1.05039461884996,0,-0.176544247883635,1.07361110385191,0.390032492874473,-0.120199753255008,1.135783323715,0.780025833196812,-0.052582070912546,1.23442797038487,1.16985211800048,0.015593799179381,1.3659834660158,1.55922377160925,0.084792275897992,1.52834928894606,1.94751152926718,0.155106535254259,1.70949258466783,2.33377423365663,0.187180319121046,1.90183473777268,2.71682707787633,0.178038796048652,2.09657606741523,3.09399966550024,0.171405921762969,2.28408209381548,3.46373074645488,0.166654694768044,2.45515832281756,3.82232264789519,0.163615943482227,2.60235411722893,4.16641393936755,0.16211314927708,2.72181340981925,4.4920524830205,0.16196884934642,2.80978877527132,4.79492129437541,0.163333895785155,2.86845983522657,5.07088425843719,0.166127439314711,2.90019455762738,5.31684494327187,0.168392258856483,2.90932067422236,5.52787800242214,0.171211353990028,2.90229194469428,5.7042889173183,0.177784301009284,2.88231811293113,5.83893158000929,0.191839879366416,2.85541842862834,5.93466258578102,0.211575337955726
,1.10442475166551,0,-0.183147755738412,1.12764045251783,0.390032492874473,-0.126856274319088,1.18980270714482,0.780025833196812,-0.059315012407193,1.28841000120597,1.16985211800048,0.008805386867196,1.4198727685304,1.55922377160925,0.077995691212811,1.58203212143173,1.94751152926718,0.148358458563214,1.76281589532181,2.33377423365663,0.180511932307761,1.95458779582132,2.71682707787633,0.171516521991147,2.14841711810338,3.09399966550024,0.165135240775194,2.33464458822968,3.46373074645488,0.160706251393085,2.50397451450535,3.82232264789519,0.158043539149299,2.64888107509275,4.16641393936755,0.156954969733907,2.76550837402469,4.4920524830205,0.157248588491478,2.85005075188129,4.79492129437541,0.159074221951386,2.90476437696629,5.07088425843719,0.162342156783365,2.93203346124848,5.31684494327187,0.165096900576627,2.93625995181163,5.52787800242214,0.16844137872556,2.92399308866138,5.7042889173183,0.175628574827813,2.89843141077987,5.83893158000929,0.190556959125365,2.86573103644224,5.93466258578102,0.211356020439348
,1.15321459011889,0,-0.189018086741262,1.17642958532564,0.390032492874473,-0.132774906260125,1.23858284234468,0.780025833196812,-0.065303301598425,1.33715631759715,1.16985211800048,0.002766010991553,1.46853514383872,1.55922377160925,0.071947586974118,1.63050773943841,1.94751152926718,0.14235241442274,1.81096647493318,2.33377423365663,0.174575550717951,2.00222298404369,2.71682707787633,0.165709397857201,2.19522824037029,3.09399966550024,0.159552137685099,2.38030065048392,3.46373074645488,0.155410484072097,2.54805320484388,3.82232264789519,0.153083156688459,2.69089224152336,4.16641393936755,0.152363901448332,2.80496204596923,4.4920524830205,0.153047742332631,2.88640438945626,4.79492129437541,0.155283541203378,2.93754455210563,5.07088425843719,0.158973682330383,2.96078139777279,5.31684494327187,0.162164211993925,2.96058383231022,5.52787800242214,0.16597606257178,2.94358721010278,5.7042889173183,0.173710470613391,2.91297973936133,5.83893158000929,0.189419032623631,2.87504127500903,5.93466258578102,0.211170695518324
,1.19610517488383,0,-0.194189133850795,1.21931954948797,0.390032492874473,-0.137988365506704,1.28146489668704,0.780025833196812,-0.070577922215472,1.38000865229689,1.16985211800048,-0.002553406481485,1.5113137102837,1.55922377160925,0.066620649329859,1.6731221651016,1.94751152926718,0.137062648873013,1.85329520683203,2.33377423365663,0.169347285173279,2.0440986919285,2.71682707787633,0.16059506522455,2.23637957947143,3.09399966550024,0.154635098659842,2.42043664730065,3.46373074645488,0.150746452082561,2.58680260207625,3.82232264789519,0.148714431678123,2.72782413847898,4.16641393936755,0.148320372940058,2.83964569840194,4.4920524830205,0.149347845558656,2.91836283814927,4.79492129437541,0.15194486773891,2.96636159445806,5.07088425843719,0.156006865289332,2.98605371337625,5.31684494327187,0.159581239664763,2.98196697007265,5.52787800242214,0.163804751417394,2.96081243304219,5.7042889173183,0.172021052816769,2.92576925292794,5.83893158000929,0.188416363969443,2.88322604393974,5.93466258578102,0.211006336865859
,1.23242471745044,0,-0.198669356303529,1.25563856385085,0.390032492874473,-0.142504032709608,1.31777721183132,0.780025833196812,-0.075144671051931,1.41629589829802,1.16985211800048,-0.007156999835463,1.54753871536482,1.55922377160925,0.062012162966098,1.70920851830602,1.94751152926718,0.132487546253741,1.88914005810258,2.33377423365663,0.164826774248548,2.07956041314746,2.71682707787633,0.156173967814445,2.27122846942063,3.09399966550024,0.150384536158038,2.45442630676881,3.46373074645488,0.146714125292545,2.61961857713902,3.82232264789519,0.144936744294318,2.75910141202852,4.16641393936755,0.144823239952546,2.86901935653831,4.4920524830205,0.146147411486092,2.94542881401731,4.79492129437541,0.149056604880505,2.99076728132806,5.07088425843719,0.153440242054491,3.0074574313174,5.31684494327187,0.157346896426252,3.00007695344039,5.52787800242214,0.161926716741691,2.97540114588841,5.7042889173183,0.170559244770822,2.93660172194056,5.83893158000929,0.187544815721009,2.890159236544,5.93466258578102,0.210853244887156
,1.26151732225961,0,-0.20242320165125,1.28473074119513,0.390032492874473,-0.146285505260858,1.34686402099369,0.780025833196812,-0.078965905660928,1.44536278506501,1.16985211800048,-0.011005974051074,1.57655611350145,1.55922377160925,0.058161671016491,1.73811541024814,1.94751152926718,0.128666899598059,1.91785419006425,2.33377423365663,0.161053949465053,2.10796844648095,2.71682707787633,0.152485554897774,2.29914652695011,3.09399966550024,0.146838370748819,2.48165701140621,3.46373074645488,0.14334926803829,2.64590992351506,3.82232264789519,0.141783306571693,2.78416079922805,4.16641393936755,0.141902964681753,2.89255421866011,4.4920524830205,0.143474099608881,2.96711519308216,4.79492129437541,0.14664358756497,3.01032245891096,5.07088425843719,0.151295859704177,3.02460747122048,5.31684494327187,0.155480467949529,3.01458800595796,5.52787800242214,0.160358260760103,2.98709099826497,5.7042889173183,0.169337482565321,2.94528258258274,5.83893158000929,0.186810066462622,2.89571670586251,5.93466258578102,0.210707960907826
,1.28278825637357,0,-0.205346834611907,1.30600135803783,0.390032492874473,-0.14922850859651,1.3681307107578,0.780025833196812,-0.081936728224775,1.46661508044823,1.16985211800048,-0.013995155295002,1.59777262392206,1.55922377160925,0.055173984195794,1.75925172788691,1.94751152926718,0.125704400038925,1.93885031740891,2.33377423365663,0.158130852635139,2.12874163358111,2.71682707787633,0.149629358233967,2.31956246032518,3.09399966550024,0.144092299675034,2.50157137215511,3.46373074645488,0.140742804804221,2.6651383265516,3.82232264789519,0.13933949854451,2.80248907679206,4.16641393936755,0.139638776648406,2.90976817691681,4.4920524830205,0.141400564207459,2.98297765363675,4.79492129437541,0.144771468436796,3.02462641617175,5.07088425843719,0.14963207466971,3.03715237284982,5.31684494327187,0.154032693350094,3.02520272172842,5.52787800242214,0.159141969453947,2.99564235572919,5.7042889173183,0.168389083930575,2.95163374089078,5.83893158000929,0.186233146919763,2.89978420881445,5.93466258578102,0.21057717286354
,1.29575770394579,0,-0.207266697077333,1.31897060853362,0.390032492874473,-0.151159546043795,1.38109756515826,0.780025833196812,-0.083883767476987,1.47957328991923,1.16985211800048,-0.015951914067945,1.61070931981759,1.55922377160925,0.053220133009969,1.77213999068568,1.94751152926718,0.123768486680393,1.95165367390756,2.33377423365663,0.156222366456154,2.14140971874767,2.71682707787633,0.147765636147465,2.332013477472,3.09399966550024,0.142300417335987,2.51371732051795,3.46373074645488,0.139041446089826,2.67686668016931,3.82232264789519,0.137743506871147,2.81366907267731,4.16641393936755,0.138159314307753,2.92026899656818,4.4920524830205,0.140045080364279,2.99265443944203,4.79492129437541,0.143547305337477,3.0333527235228,5.07088425843719,0.148544078754783,3.04480571651664,5.31684494327187,0.153086206585408,3.03167864257692,5.52787800242214,0.158347067205677,3.00085969460168,5.7042889173183,0.167768569310655,2.95550941664285,5.83893158000929,0.185850940295271,2.90226747904051,5.93466258578102,0.210478596139524
,1.30011611687892,0,-0.207949809539814,1.32332895423595,0.390032492874473,-0.151846238177478,1.38545510519047,0.780025833196812,-0.084575571601888,1.48392796120866,1.16985211800048,-0.01664657694282,1.61505684585559,1.55922377160925,0.052526999088396,1.77647136852901,1.94751152926718,0.123082094116654,1.95595667674224,2.33377423365663,0.155546131336369,2.14566744610734,2.71682707787633,0.147105542420242,2.33619846841645,3.09399966550024,0.141665762857006,2.51780000060038,3.46373074645488,0.138438705265119,2.68080920671473,3.82232264789519,0.137177886469681,2.81742745292466,4.16641393936755,0.137634791672973,2.92379920815003,4.4920524830205,0.139564358459371,2.99590773525425,4.79492129437541,0.143113066978161,3.03628654857611,5.07088425843719,0.148158126320928,3.04737885319649,5.31684494327187,0.152750518111032,3.0338559549355,5.52787800242214,0.158065205772231,3.00261391985766,5.7042889173183,0.167548364739065,2.95681273312698,5.83893158000929,0.185714083532755,2.90310287418741,5.93466258578102,0.210440263640777
